state,state_name,year,rate_per_100k,deaths
AL,Alabama,1999,0.8,37
AL,Alabama,2000,1.0,43
AL,Alabama,2001,1.3,57
AL,Alabama,2002,1.6,71
AL,Alabama,2003,1.1,49
AL,Alabama,2004,1.8,83
AL,Alabama,2005,1.8,80
AL,Alabama,2006,2.7,124
AL,Alabama,2007,3.6,165
AL,Alabama,2008,4.1,185
AL,Alabama,2009,4.5,206
AL,Alabama,2010,4.1,187
AL,Alabama,2011,3.8,176
AL,Alabama,2012,3.6,165
AL,Alabama,2013,3.5,166
AL,Alabama,2014,5.6,270
AL,Alabama,2015,6.1,282
AL,Alabama,2016,7.5,343
AL,Alabama,2017,9.0,422
AL,Alabama,2018,8.3,381
AL,Alabama,2019,8.9,414
AL,Alabama,2020,13.3,611
AL,Alabama,2021,21.2,981
AL,Alabama,2022,23.4,1097
AL,Alabama,2023,25.7,1202
AL,Alabama,2024,17.3,822
AK,Alaska,1999,4.0,27
AK,Alaska,2000,4.0,27
AK,Alaska,2001,,14
AK,Alaska,2002,,
AK,Alaska,2003,,11
AK,Alaska,2004,,10
AK,Alaska,2005,,18
AK,Alaska,2006,4.1,29
AK,Alaska,2007,,15
AK,Alaska,2008,12.5,88
AK,Alaska,2009,12.5,90
AK,Alaska,2010,8.7,62
AK,Alaska,2011,8.7,66
AK,Alaska,2012,10.8,81
AK,Alaska,2013,9.2,69
AK,Alaska,2014,10.6,76
AK,Alaska,2015,11.0,86
AK,Alaska,2016,12.5,94
AK,Alaska,2017,13.9,102
AK,Alaska,2018,8.8,68
AK,Alaska,2019,10.9,83
AK,Alaska,2020,15.2,112
AK,Alaska,2021,27.6,201
AK,Alaska,2022,25.1,188
AK,Alaska,2023,40.1,290
AK,Alaska,2024,37.0,277
AZ,Arizona,1999,4.7,229
AZ,Arizona,2000,4.8,235
AZ,Arizona,2001,5.2,265
AZ,Arizona,2002,6.2,320
AZ,Arizona,2003,6.4,340
AZ,Arizona,2004,6.3,344
AZ,Arizona,2005,6.6,375
AZ,Arizona,2006,7.8,459
AZ,Arizona,2007,7.7,461
AZ,Arizona,2008,8.1,494
AZ,Arizona,2009,9.8,605
AZ,Arizona,2010,9.9,626
AZ,Arizona,2011,8.8,562
AZ,Arizona,2012,8.2,526
AZ,Arizona,2013,8.2,527
AZ,Arizona,2014,8.8,589
AZ,Arizona,2015,10.2,671
AZ,Arizona,2016,11.4,769
AZ,Arizona,2017,13.5,928
AZ,Arizona,2018,15.9,1106
AZ,Arizona,2019,18.4,1290
AZ,Arizona,2020,26.8,1884
AZ,Arizona,2021,28.8,2000
AZ,Arizona,2022,27.4,1930
AZ,Arizona,2023,27.3,1950
AZ,Arizona,2024,23.0,1684
AR,Arkansas,1999,1.1,28
AR,Arkansas,2000,0.8,20
AR,Arkansas,2001,1.1,30
AR,Arkansas,2002,3.5,90
AR,Arkansas,2003,3.4,89
AR,Arkansas,2004,4.8,127
AR,Arkansas,2005,4.6,123
AR,Arkansas,2006,5.1,140
AR,Arkansas,2007,5.4,148
AR,Arkansas,2008,7.2,197
AR,Arkansas,2009,7.2,201
AR,Arkansas,2010,6.8,189
AR,Arkansas,2011,6.2,169
AR,Arkansas,2012,6.0,169
AR,Arkansas,2013,5.6,162
AR,Arkansas,2014,6.3,173
AR,Arkansas,2015,7.2,203
AR,Arkansas,2016,5.9,169
AR,Arkansas,2017,6.5,188
AR,Arkansas,2018,7.4,208
AR,Arkansas,2019,7.0,198
AR,Arkansas,2020,9.9,284
AR,Arkansas,2021,13.7,386
AR,Arkansas,2022,13.8,388
AR,Arkansas,2023,10.9,314
AR,Arkansas,2024,6.2,181
CA,California,1999,4.5,1474
CA,California,2000,3.0,1012
CA,California,2001,1.6,551
CA,California,2002,4.2,1453
CA,California,2003,4.0,1398
CA,California,2004,4.0,1413
CA,California,2005,3.8,1372
CA,California,2006,4.1,1511
CA,California,2007,4.5,1657
CA,California,2008,4.8,1801
CA,California,2009,5.2,1987
CA,California,2010,5.0,1929
CA,California,2011,5.0,1938
CA,California,2012,4.4,1719
CA,California,2013,4.9,1948
CA,California,2014,5.0,2024
CA,California,2015,4.9,2018
CA,California,2016,4.9,2012
CA,California,2017,5.3,2199
CA,California,2018,5.8,2410
CA,California,2019,7.9,3235
CA,California,2020,13.7,5508
CA,California,2021,17.8,7181
CA,California,2022,18.4,7347
CA,California,2023,19.7,7888
CA,California,2024,13.5,5492
CO,Colorado,1999,3.7,164
CO,Colorado,2000,3.9,174
CO,Colorado,2001,4.2,192
CO,Colorado,2002,4.2,196
CO,Colorado,2003,4.5,213
CO,Colorado,2004,4.8,224
CO,Colorado,2005,6.2,295
CO,Colorado,2006,6.7,326
CO,Colorado,2007,7.0,353
CO,Colorado,2008,7.0,355
CO,Colorado,2009,7.7,397
CO,Colorado,2010,5.9,304
CO,Colorado,2011,8.0,418
CO,Colorado,2012,7.7,407
CO,Colorado,2013,8.0,433
CO,Colorado,2014,9.4,517
CO,Colorado,2015,8.7,495
CO,Colorado,2016,9.5,536
CO,Colorado,2017,10.0,578
CO,Colorado,2018,9.5,564
CO,Colorado,2019,10.6,633
CO,Colorado,2020,16.4,978
CO,Colorado,2021,21.7,1289
CO,Colorado,2022,19.4,1177
CO,Colorado,2023,21.6,1304
CO,Colorado,2024,16.0,993
CT,Connecticut,1999,4.4,151
CT,Connecticut,2000,4.8,165
CT,Connecticut,2001,4.3,149
CT,Connecticut,2002,5.0,172
CT,Connecticut,2003,4.9,167
CT,Connecticut,2004,5.7,193
CT,Connecticut,2005,4.7,163
CT,Connecticut,2006,6.4,224
CT,Connecticut,2007,7.0,244
CT,Connecticut,2008,6.5,230
CT,Connecticut,2009,6.2,216
CT,Connecticut,2010,6.3,223
CT,Connecticut,2011,6.0,209
CT,Connecticut,2012,5.7,201
CT,Connecticut,2013,12.3,439
CT,Connecticut,2014,15.2,525
CT,Connecticut,2015,19.2,685
CT,Connecticut,2016,24.5,855
CT,Connecticut,2017,27.7,955
CT,Connecticut,2018,27.5,948
CT,Connecticut,2019,31.7,1100
CT,Connecticut,2020,35.9,1250
CT,Connecticut,2021,38.3,1393
CT,Connecticut,2022,36.8,1349
CT,Connecticut,2023,31.9,1187
CT,Connecticut,2024,22.9,858
DE,Delaware,1999,4.1,32
DE,Delaware,2000,3.7,29
DE,Delaware,2001,4.5,36
DE,Delaware,2002,6.0,48
DE,Delaware,2003,4.5,37
DE,Delaware,2004,4.2,35
DE,Delaware,2005,3.5,29
DE,Delaware,2006,4.5,37
DE,Delaware,2007,5.1,45
DE,Delaware,2008,7.7,65
DE,Delaware,2009,9.3,81
DE,Delaware,2010,12.0,103
DE,Delaware,2011,12.6,113
DE,Delaware,2012,9.2,82
DE,Delaware,2013,12.8,113
DE,Delaware,2014,13.9,124
DE,Delaware,2015,14.8,133
DE,Delaware,2016,16.9,154
DE,Delaware,2017,27.8,250
DE,Delaware,2018,39.3,355
DE,Delaware,2019,43.0,387
DE,Delaware,2020,43.9,407
DE,Delaware,2021,48.1,450
DE,Delaware,2022,50.2,490
DE,Delaware,2023,47.0,457
DE,Delaware,2024,28.9,290
DC,District of Columbia,1999,4.9,28
DC,District of Columbia,2000,7.7,43
DC,District of Columbia,2001,8.1,46
DC,District of Columbia,2002,5.2,29
DC,District of Columbia,2003,10.7,60
DC,District of Columbia,2004,9.4,53
DC,District of Columbia,2005,7.8,44
DC,District of Columbia,2006,9.6,55
DC,District of Columbia,2007,5.2,29
DC,District of Columbia,2008,5.1,31
DC,District of Columbia,2009,,13
DC,District of Columbia,2010,5.8,34
DC,District of Columbia,2011,8.0,51
DC,District of Columbia,2012,7.3,44
DC,District of Columbia,2013,8.6,60
DC,District of Columbia,2014,9.4,63
DC,District of Columbia,2015,14.5,98
DC,District of Columbia,2016,30.0,209
DC,District of Columbia,2017,34.7,244
DC,District of Columbia,2018,26.7,191
DC,District of Columbia,2019,33.7,243
DC,District of Columbia,2020,45.3,337
DC,District of Columbia,2021,48.9,348
DC,District of Columbia,2022,48.9,345
DC,District of Columbia,2023,49.6,350
DC,District of Columbia,2024,34.1,249
FL,Florida,1999,2.6,402
FL,Florida,2000,3.6,556
FL,Florida,2001,5.4,846
FL,Florida,2002,5.9,959
FL,Florida,2003,6.3,1043
FL,Florida,2004,7.1,1196
FL,Florida,2005,6.3,1097
FL,Florida,2006,6.9,1223
FL,Florida,2007,8.2,1473
FL,Florida,2008,8.2,1478
FL,Florida,2009,8.7,1590
FL,Florida,2010,9.1,1674
FL,Florida,2011,8.4,1576
FL,Florida,2012,6.9,1326
FL,Florida,2013,6.6,1268
FL,Florida,2014,7.2,1399
FL,Florida,2015,9.4,1838
FL,Florida,2016,14.4,2798
FL,Florida,2017,16.3,3245
FL,Florida,2018,15.8,3189
FL,Florida,2019,18.7,3771
FL,Florida,2020,26.9,5470
FL,Florida,2021,28.9,5940
FL,Florida,2022,26.5,5581
FL,Florida,2023,23.3,5049
FL,Florida,2024,14.6,3281
GA,Georgia,1999,1.0,83
GA,Georgia,2000,1.4,115
GA,Georgia,2001,2.1,183
GA,Georgia,2002,2.5,215
GA,Georgia,2003,2.7,236
GA,Georgia,2004,2.9,258
GA,Georgia,2005,3.3,300
GA,Georgia,2006,3.6,331
GA,Georgia,2007,4.1,385
GA,Georgia,2008,4.2,404
GA,Georgia,2009,5.0,490
GA,Georgia,2010,5.4,534
GA,Georgia,2011,5.4,535
GA,Georgia,2012,5.4,536
GA,Georgia,2013,5.3,530
GA,Georgia,2014,7.0,710
GA,Georgia,2015,8.4,858
GA,Georgia,2016,8.8,918
GA,Georgia,2017,9.7,1014
GA,Georgia,2018,8.3,866
GA,Georgia,2019,8.2,862
GA,Georgia,2020,12.4,1305
GA,Georgia,2021,17.1,1799
GA,Georgia,2022,18.7,1983
GA,Georgia,2023,17.5,1881
GA,Georgia,2024,11.7,1285
HI,Hawaii,1999,2.4,30
HI,Hawaii,2000,2.3,29
HI,Hawaii,2001,3.0,38
HI,Hawaii,2002,3.7,46
HI,Hawaii,2003,3.4,43
HI,Hawaii,2004,4.4,57
HI,Hawaii,2005,5.0,67
HI,Hawaii,2006,4.0,54
HI,Hawaii,2007,5.7,78
HI,Hawaii,2008,3.9,53
HI,Hawaii,2009,4.1,57
HI,Hawaii,2010,5.3,74
HI,Hawaii,2011,5.4,77
HI,Hawaii,2012,4.5,62
HI,Hawaii,2013,4.7,69
HI,Hawaii,2014,3.9,59
HI,Hawaii,2015,4.1,62
HI,Hawaii,2016,5.2,77
HI,Hawaii,2017,3.4,53
HI,Hawaii,2018,4.1,59
HI,Hawaii,2019,3.5,55
HI,Hawaii,2020,5.3,74
HI,Hawaii,2021,6.1,91
HI,Hawaii,2022,7.1,103
HI,Hawaii,2023,9.4,133
HI,Hawaii,2024,8.2,123
ID,Idaho,1999,2.5,31
ID,Idaho,2000,2.2,28
ID,Idaho,2001,4.1,51
ID,Idaho,2002,3.5,45
ID,Idaho,2003,4.2,54
ID,Idaho,2004,3.5,47
ID,Idaho,2005,3.7,50
ID,Idaho,2006,5.0,70
ID,Idaho,2007,4.3,62
ID,Idaho,2008,4.8,72
ID,Idaho,2009,4.2,62
ID,Idaho,2010,5.3,79
ID,Idaho,2011,5.1,77
ID,Idaho,2012,3.9,59
ID,Idaho,2013,4.8,77
ID,Idaho,2014,5.0,78
ID,Idaho,2015,6.0,90
ID,Idaho,2016,7.4,119
ID,Idaho,2017,6.2,103
ID,Idaho,2018,7.1,120
ID,Idaho,2019,7.6,133
ID,Idaho,2020,8.9,160
ID,Idaho,2021,12.8,236
ID,Idaho,2022,14.7,270
ID,Idaho,2023,14.4,265
ID,Idaho,2024,11.0,207
IL,Illinois,1999,3.9,483
IL,Illinois,2000,4.5,558
IL,Illinois,2001,4.2,525
IL,Illinois,2002,4.6,569
IL,Illinois,2003,3.7,460
IL,Illinois,2004,4.2,532
IL,Illinois,2005,4.7,590
IL,Illinois,2006,6.9,870
IL,Illinois,2007,5.5,691
IL,Illinois,2008,6.7,846
IL,Illinois,2009,6.9,886
IL,Illinois,2010,6.8,867
IL,Illinois,2011,7.1,907
IL,Illinois,2012,8.9,1151
IL,Illinois,2013,8.3,1072
IL,Illinois,2014,9.4,1205
IL,Illinois,2015,10.7,1381
IL,Illinois,2016,15.3,1947
IL,Illinois,2017,17.2,2202
IL,Illinois,2018,17.0,2169
IL,Illinois,2019,17.5,2219
IL,Illinois,2020,23.4,2948
IL,Illinois,2021,23.7,3050
IL,Illinois,2022,24.9,3189
IL,Illinois,2023,22.5,2893
IL,Illinois,2024,14.3,1873
IN,Indiana,1999,0.8,46
IN,Indiana,2000,0.7,41
IN,Indiana,2001,1.1,67
IN,Indiana,2002,1.0,63
IN,Indiana,2003,2.1,127
IN,Indiana,2004,2.2,138
IN,Indiana,2005,2.6,160
IN,Indiana,2006,2.8,176
IN,Indiana,2007,3.9,241
IN,Indiana,2008,5.0,311
IN,Indiana,2009,5.0,319
IN,Indiana,2010,4.5,289
IN,Indiana,2011,5.6,356
IN,Indiana,2012,5.9,375
IN,Indiana,2013,5.7,360
IN,Indiana,2014,7.3,462
IN,Indiana,2015,8.5,535
IN,Indiana,2016,12.6,794
IN,Indiana,2017,18.8,1176
IN,Indiana,2018,17.5,1104
IN,Indiana,2019,19.9,1254
IN,Indiana,2020,29.9,1877
IN,Indiana,2021,34.2,2206
IN,Indiana,2022,32.0,2072
IN,Indiana,2023,26.4,1699
IN,Indiana,2024,17.8,1170
IA,Iowa,1999,,14
IA,Iowa,2000,,19
IA,Iowa,2001,0.9,27
IA,Iowa,2002,1.3,37
IA,Iowa,2003,1.4,38
IA,Iowa,2004,2.1,61
IA,Iowa,2005,2.4,67
IA,Iowa,2006,3.3,93
IA,Iowa,2007,3.6,107
IA,Iowa,2008,4.4,127
IA,Iowa,2009,4.9,141
IA,Iowa,2010,5.1,147
IA,Iowa,2011,5.9,172
IA,Iowa,2012,5.9,171
IA,Iowa,2013,6.1,179
IA,Iowa,2014,5.3,158
IA,Iowa,2015,5.8,170
IA,Iowa,2016,6.2,183
IA,Iowa,2017,6.9,206
IA,Iowa,2018,4.8,143
IA,Iowa,2019,5.4,161
IA,Iowa,2020,7.6,224
IA,Iowa,2021,8.6,259
IA,Iowa,2022,7.9,236
IA,Iowa,2023,8.4,253
IA,Iowa,2024,5.8,172
KS,Kansas,1999,1.0,25
KS,Kansas,2000,0.9,22
KS,Kansas,2001,1.8,47
KS,Kansas,2002,3.0,80
KS,Kansas,2003,2.9,75
KS,Kansas,2004,4.4,116
KS,Kansas,2005,4.1,106
KS,Kansas,2006,4.5,120
KS,Kansas,2007,4.4,117
KS,Kansas,2008,3.5,96
KS,Kansas,2009,5.5,148
KS,Kansas,2010,3.8,104
KS,Kansas,2011,4.3,118
KS,Kansas,2012,6.3,171
KS,Kansas,2013,5.7,158
KS,Kansas,2014,6.0,173
KS,Kansas,2015,5.4,150
KS,Kansas,2016,5.1,146
KS,Kansas,2017,5.1,144
KS,Kansas,2018,5.7,156
KS,Kansas,2019,6.7,184
KS,Kansas,2020,9.4,262
KS,Kansas,2021,15.7,435
KS,Kansas,2022,18.2,506
KS,Kansas,2023,14.9,423
KS,Kansas,2024,12.5,355
KY,Kentucky,1999,1.3,52
KY,Kentucky,2000,2.3,92
KY,Kentucky,2001,3.5,144
KY,Kentucky,2002,4.4,177
KY,Kentucky,2003,5.7,234
KY,Kentucky,2004,5.4,221
KY,Kentucky,2005,6.8,285
KY,Kentucky,2006,8.0,331
KY,Kentucky,2007,8.1,343
KY,Kentucky,2008,8.7,365
KY,Kentucky,2009,10.2,434
KY,Kentucky,2010,14.1,591
KY,Kentucky,2011,15.8,669
KY,Kentucky,2012,15.5,673
KY,Kentucky,2013,15.5,665
KY,Kentucky,2014,16.8,729
KY,Kentucky,2015,21.0,885
KY,Kentucky,2016,23.6,989
KY,Kentucky,2017,27.9,1160
KY,Kentucky,2018,23.4,989
KY,Kentucky,2019,24.6,1036
KY,Kentucky,2020,40.2,1688
KY,Kentucky,2021,44.8,1897
KY,Kentucky,2022,41.8,1767
KY,Kentucky,2023,38.1,1625
KY,Kentucky,2024,23.4,1024
LA,Louisiana,1999,0.7,28
LA,Louisiana,2000,1.2,52
LA,Louisiana,2001,1.8,81
LA,Louisiana,2002,2.1,95
LA,Louisiana,2003,2.7,121
LA,Louisiana,2004,3.2,144
LA,Louisiana,2005,3.8,172
LA,Louisiana,2006,4.6,194
LA,Louisiana,2007,4.9,212
LA,Louisiana,2008,2.9,130
LA,Louisiana,2009,2.8,122
LA,Louisiana,2010,2.8,123
LA,Louisiana,2011,2.5,116
LA,Louisiana,2012,3.7,169
LA,Louisiana,2013,5.9,265
LA,Louisiana,2014,5.7,260
LA,Louisiana,2015,6.3,287
LA,Louisiana,2016,7.7,346
LA,Louisiana,2017,9.3,415
LA,Louisiana,2018,10.0,444
LA,Louisiana,2019,12.6,558
LA,Louisiana,2020,21.5,945
LA,Louisiana,2021,30.5,1335
LA,Louisiana,2022,31.6,1367
LA,Louisiana,2023,26.0,1118
LA,Louisiana,2024,16.8,725
ME,Maine,1999,2.1,27
ME,Maine,2000,3.2,41
ME,Maine,2001,4.3,55
ME,Maine,2002,7.3,91
ME,Maine,2003,6.7,86
ME,Maine,2004,7.7,98
ME,Maine,2005,9.0,116
ME,Maine,2006,7.3,93
ME,Maine,2007,8.1,102
ME,Maine,2008,8.2,105
ME,Maine,2009,8.7,114
ME,Maine,2010,7.1,90
ME,Maine,2011,6.7,85
ME,Maine,2012,7.9,100
ME,Maine,2013,9.9,125
ME,Maine,2014,13.7,171
ME,Maine,2015,19.3,238
ME,Maine,2016,25.2,301
ME,Maine,2017,29.9,360
ME,Maine,2018,23.4,282
ME,Maine,2019,26.4,323
ME,Maine,2020,34.0,420
ME,Maine,2021,42.4,547
ME,Maine,2022,48.2,619
ME,Maine,2023,39.3,514
ME,Maine,2024,28.6,386
MD,Maryland,1999,8.8,487
MD,Maryland,2000,8.7,481
MD,Maryland,2001,8.8,489
MD,Maryland,2002,9.7,543
MD,Maryland,2003,9.9,558
MD,Maryland,2004,8.5,486
MD,Maryland,2005,8.6,495
MD,Maryland,2006,9.7,565
MD,Maryland,2007,10.3,600
MD,Maryland,2008,8.7,513
MD,Maryland,2009,9.9,586
MD,Maryland,2010,8.7,509
MD,Maryland,2011,9.1,546
MD,Maryland,2012,10.9,657
MD,Maryland,2013,12.3,749
MD,Maryland,2014,15.0,921
MD,Maryland,2015,17.7,1087
MD,Maryland,2016,29.7,1821
MD,Maryland,2017,32.2,1985
MD,Maryland,2018,33.7,2087
MD,Maryland,2019,34.0,2104
MD,Maryland,2020,40.4,2504
MD,Maryland,2021,38.5,2460
MD,Maryland,2022,35.3,2247
MD,Maryland,2023,34.1,2203
MD,Maryland,2024,22.4,1468
MA,Massachusetts,1999,5.0,326
MA,Massachusetts,2000,4.8,314
MA,Massachusetts,2001,7.6,500
MA,Massachusetts,2002,7.4,484
MA,Massachusetts,2003,9.0,588
MA,Massachusetts,2004,7.1,459
MA,Massachusetts,2005,8.6,557
MA,Massachusetts,2006,10.1,659
MA,Massachusetts,2007,9.9,649
MA,Massachusetts,2008,9.1,596
MA,Massachusetts,2009,9.4,622
MA,Massachusetts,2010,8.3,549
MA,Massachusetts,2011,9.9,655
MA,Massachusetts,2012,10.4,691
MA,Massachusetts,2013,13.3,888
MA,Massachusetts,2014,17.0,1140
MA,Massachusetts,2015,23.3,1550
MA,Massachusetts,2016,29.7,1990
MA,Massachusetts,2017,28.2,1913
MA,Massachusetts,2018,29.3,1991
MA,Massachusetts,2019,28.9,1969
MA,Massachusetts,2020,30.6,2065
MA,Massachusetts,2021,32.5,2267
MA,Massachusetts,2022,33.1,2326
MA,Massachusetts,2023,30.0,2109
MA,Massachusetts,2024,18.5,1336
MI,Michigan,1999,1.2,121
MI,Michigan,2000,1.8,180
MI,Michigan,2001,1.9,192
MI,Michigan,2002,2.3,227
MI,Michigan,2003,2.5,253
MI,Michigan,2004,3.5,351
MI,Michigan,2005,4.8,483
MI,Michigan,2006,6.0,594
MI,Michigan,2007,5.1,506
MI,Michigan,2008,6.5,643
MI,Michigan,2009,7.5,736
MI,Michigan,2010,7.0,695
MI,Michigan,2011,7.5,714
MI,Michigan,2012,7.1,685
MI,Michigan,2013,9.4,909
MI,Michigan,2014,10.9,1052
MI,Michigan,2015,13.6,1309
MI,Michigan,2016,18.5,1762
MI,Michigan,2017,21.2,2033
MI,Michigan,2018,20.8,2011
MI,Michigan,2019,18.5,1789
MI,Michigan,2020,22.9,2190
MI,Michigan,2021,26.0,2536
MI,Michigan,2022,24.9,2418
MI,Michigan,2023,23.4,2305
MI,Michigan,2024,13.5,1350
MN,Minnesota,1999,1.2,57
MN,Minnesota,2000,1.1,57
MN,Minnesota,2001,1.9,96
MN,Minnesota,2002,1.9,95
MN,Minnesota,2003,2.1,106
MN,Minnesota,2004,2.6,135
MN,Minnesota,2005,2.8,144
MN,Minnesota,2006,3.0,158
MN,Minnesota,2007,3.4,180
MN,Minnesota,2008,4.3,227
MN,Minnesota,2009,5.2,272
MN,Minnesota,2010,4.4,235
MN,Minnesota,2011,5.3,286
MN,Minnesota,2012,5.3,290
MN,Minnesota,2013,5.6,305
MN,Minnesota,2014,6.0,318
MN,Minnesota,2015,6.2,338
MN,Minnesota,2016,7.4,396
MN,Minnesota,2017,7.8,422
MN,Minnesota,2018,6.3,343
MN,Minnesota,2019,7.8,428
MN,Minnesota,2020,12.5,678
MN,Minnesota,2021,17.9,978
MN,Minnesota,2022,18.7,1031
MN,Minnesota,2023,18.1,994
MN,Minnesota,2024,11.9,676
MS,Mississippi,1999,,15
MS,Mississippi,2000,,12
MS,Mississippi,2001,0.9,26
MS,Mississippi,2002,0.9,26
MS,Mississippi,2003,1.1,31
MS,Mississippi,2004,1.0,26
MS,Mississippi,2005,1.4,40
MS,Mississippi,2006,2.3,65
MS,Mississippi,2007,3.3,95
MS,Mississippi,2008,3.7,106
MS,Mississippi,2009,3.4,96
MS,Mississippi,2010,3.3,100
MS,Mississippi,2011,2.9,79
MS,Mississippi,2012,3.9,111
MS,Mississippi,2013,3.4,100
MS,Mississippi,2014,3.9,115
MS,Mississippi,2015,5.3,150
MS,Mississippi,2016,6.2,180
MS,Mississippi,2017,6.4,185
MS,Mississippi,2018,6.1,173
MS,Mississippi,2019,8.5,245
MS,Mississippi,2020,14.6,405
MS,Mississippi,2021,20.3,556
MS,Mississippi,2022,20.0,543
MS,Mississippi,2023,18.1,493
MS,Mississippi,2024,11.0,301
MO,Missouri,1999,1.8,100
MO,Missouri,2000,2.4,131
MO,Missouri,2001,2.4,132
MO,Missouri,2002,3.4,189
MO,Missouri,2003,4.8,271
MO,Missouri,2004,4.9,275
MO,Missouri,2005,5.3,302
MO,Missouri,2006,7.1,403
MO,Missouri,2007,6.7,390
MO,Missouri,2008,8.2,475
MO,Missouri,2009,9.0,526
MO,Missouri,2010,10.3,599
MO,Missouri,2011,10.2,595
MO,Missouri,2012,9.3,539
MO,Missouri,2013,10.7,620
MO,Missouri,2014,12.0,696
MO,Missouri,2015,11.7,692
MO,Missouri,2016,15.9,914
MO,Missouri,2017,16.5,952
MO,Missouri,2018,19.6,1132
MO,Missouri,2019,18.8,1096
MO,Missouri,2020,23.8,1377
MO,Missouri,2021,27.1,1582
MO,Missouri,2022,27.1,1586
MO,Missouri,2023,25.0,1458
MO,Missouri,2024,15.3,918
MT,Montana,1999,,16
MT,Montana,2000,,11
MT,Montana,2001,2.3,20
MT,Montana,2002,2.2,20
MT,Montana,2003,4.7,41
MT,Montana,2004,5.0,45
MT,Montana,2005,4.7,45
MT,Montana,2006,5.2,47
MT,Montana,2007,6.3,62
MT,Montana,2008,7.6,70
MT,Montana,2009,9.4,89
MT,Montana,2010,6.1,54
MT,Montana,2011,6.8,63
MT,Montana,2012,5.3,51
MT,Montana,2013,7.2,67
MT,Montana,2014,5.4,53
MT,Montana,2015,5.0,48
MT,Montana,2016,4.2,42
MT,Montana,2017,3.6,38
MT,Montana,2018,6.2,64
MT,Montana,2019,7.2,70
MT,Montana,2020,8.6,86
MT,Montana,2021,11.1,114
MT,Montana,2022,12.3,130
MT,Montana,2023,12.0,129
MT,Montana,2024,9.3,101
NE,Nebraska,1999,,
NE,Nebraska,2000,,16
NE,Nebraska,2001,1.9,32
NE,Nebraska,2002,1.5,25
NE,Nebraska,2003,,14
NE,Nebraska,2004,1.6,26
NE,Nebraska,2005,2.5,43
NE,Nebraska,2006,1.9,34
NE,Nebraska,2007,2.4,39
NE,Nebraska,2008,1.7,29
NE,Nebraska,2009,3.7,66
NE,Nebraska,2010,3.4,58
NE,Nebraska,2011,2.8,53
NE,Nebraska,2012,3.0,53
NE,Nebraska,2013,2.2,41
NE,Nebraska,2014,3.2,56
NE,Nebraska,2015,3.1,55
NE,Nebraska,2016,2.4,44
NE,Nebraska,2017,3.1,59
NE,Nebraska,2018,3.3,63
NE,Nebraska,2019,3.6,68
NE,Nebraska,2020,5.3,101
NE,Nebraska,2021,6.0,113
NE,Nebraska,2022,6.6,122
NE,Nebraska,2023,4.3,78
NE,Nebraska,2024,3.3,63
NV,Nevada,1999,7.8,153
NV,Nevada,2000,8.8,178
NV,Nevada,2001,8.5,182
NV,Nevada,2002,10.0,220
NV,Nevada,2003,10.8,244
NV,Nevada,2004,11.6,275
NV,Nevada,2005,13.1,323
NV,Nevada,2006,13.4,343
NV,Nevada,2007,14.2,376
NV,Nevada,2008,14.7,397
NV,Nevada,2009,15.9,439
NV,Nevada,2010,15.8,439
NV,Nevada,2011,16.5,461
NV,Nevada,2012,15.6,446
NV,Nevada,2013,13.7,398
NV,Nevada,2014,12.7,375
NV,Nevada,2015,13.8,419
NV,Nevada,2016,13.3,408
NV,Nevada,2017,13.3,412
NV,Nevada,2018,11.5,372
NV,Nevada,2019,11.7,373
NV,Nevada,2020,17.8,559
NV,Nevada,2021,18.9,605
NV,Nevada,2022,20.0,639
NV,Nevada,2023,26.5,862
NV,Nevada,2024,23.9,801
NH,New Hampshire,1999,3.2,40
NH,New Hampshire,2000,2.2,29
NH,New Hampshire,2001,4.1,53
NH,New Hampshire,2002,6.3,80
NH,New Hampshire,2003,7.0,92
NH,New Hampshire,2004,6.9,90
NH,New Hampshire,2005,8.2,109
NH,New Hampshire,2006,7.9,104
NH,New Hampshire,2007,10.9,145
NH,New Hampshire,2008,7.0,94
NH,New Hampshire,2009,9.5,126
NH,New Hampshire,2010,8.9,116
NH,New Hampshire,2011,11.5,154
NH,New Hampshire,2012,10.5,133
NH,New Hampshire,2013,11.8,157
NH,New Hampshire,2014,23.4,297
NH,New Hampshire,2015,31.3,380
NH,New Hampshire,2016,35.8,437
NH,New Hampshire,2017,34.0,424
NH,New Hampshire,2018,33.1,412
NH,New Hampshire,2019,29.1,365
NH,New Hampshire,2020,26.9,341
NH,New Hampshire,2021,28.4,382
NH,New Hampshire,2022,32.1,431
NH,New Hampshire,2023,30.2,399
NH,New Hampshire,2024,18.7,252
NJ,New Jersey,1999,3.8,323
NJ,New Jersey,2000,4.1,350
NJ,New Jersey,2001,4.6,397
NJ,New Jersey,2002,5.6,486
NJ,New Jersey,2003,5.1,445
NJ,New Jersey,2004,3.6,312
NJ,New Jersey,2005,5.0,435
NJ,New Jersey,2006,4.3,372
NJ,New Jersey,2007,3.9,339
NJ,New Jersey,2008,3.8,331
NJ,New Jersey,2009,0.7,55
NJ,New Jersey,2010,4.2,373
NJ,New Jersey,2011,5.1,454
NJ,New Jersey,2012,6.8,602
NJ,New Jersey,2013,7.6,675
NJ,New Jersey,2014,8.2,728
NJ,New Jersey,2015,9.8,862
NJ,New Jersey,2016,16.0,1409
NJ,New Jersey,2017,22.0,1969
NJ,New Jersey,2018,29.7,2583
NJ,New Jersey,2019,28.4,2502
NJ,New Jersey,2020,28.9,2538
NJ,New Jersey,2021,28.6,2672
NJ,New Jersey,2022,28.1,2637
NJ,New Jersey,2023,25.0,2350
NJ,New Jersey,2024,16.5,1620
NM,New Mexico,1999,10.2,180
NM,New Mexico,2000,10.0,180
NM,New Mexico,2001,8.4,151
NM,New Mexico,2002,11.1,196
NM,New Mexico,2003,12.0,218
NM,New Mexico,2004,10.0,185
NM,New Mexico,2005,11.4,211
NM,New Mexico,2006,12.5,243
NM,New Mexico,2007,13.5,266
NM,New Mexico,2008,16.6,324
NM,New Mexico,2009,10.2,200
NM,New Mexico,2010,9.5,191
NM,New Mexico,2011,11.9,243
NM,New Mexico,2012,16.1,319
NM,New Mexico,2013,16.0,322
NM,New Mexico,2014,20.2,402
NM,New Mexico,2015,17.9,351
NM,New Mexico,2016,17.5,349
NM,New Mexico,2017,16.7,332
NM,New Mexico,2018,16.7,338
NM,New Mexico,2019,20.0,394
NM,New Mexico,2020,26.9,535
NM,New Mexico,2021,37.2,750
NM,New Mexico,2022,36.5,733
NM,New Mexico,2023,35.9,714
NM,New Mexico,2024,24.1,490
NY,New York,1999,3.2,621
NY,New York,2000,2.6,494
NY,New York,2001,3.2,611
NY,New York,2002,2.9,555
NY,New York,2003,3.0,576
NY,New York,2004,2.4,479
NY,New York,2005,2.9,562
NY,New York,2006,5.2,1010
NY,New York,2007,5.2,1029
NY,New York,2008,5.6,1116
NY,New York,2009,5.4,1058
NY,New York,2010,5.4,1074
NY,New York,2011,6.8,1356
NY,New York,2012,7.6,1530
NY,New York,2013,8.3,1681
NY,New York,2014,8.6,1739
NY,New York,2015,10.8,2166
NY,New York,2016,15.1,3009
NY,New York,2017,16.1,3224
NY,New York,2018,15.1,2991
NY,New York,2019,14.9,2939
NY,New York,2020,21.8,4233
NY,New York,2021,24.5,4946
NY,New York,2022,26.7,5361
NY,New York,2023,26.2,5308
NY,New York,2024,16.5,3394
NC,North Carolina,1999,2.0,159
NC,North Carolina,2000,3.5,286
NC,North Carolina,2001,4.1,338
NC,North Carolina,2002,4.9,407
NC,North Carolina,2003,5.8,496
NC,North Carolina,2004,6.6,562
NC,North Carolina,2005,7.5,654
NC,North Carolina,2006,7.8,696
NC,North Carolina,2007,8.2,750
NC,North Carolina,2008,9.1,846
NC,North Carolina,2009,9.1,857
NC,North Carolina,2010,8.1,776
NC,North Carolina,2011,8.6,822
NC,North Carolina,2012,8.6,833
NC,North Carolina,2013,8.7,834
NC,North Carolina,2014,10.0,967
NC,North Carolina,2015,11.9,1171
NC,North Carolina,2016,15.4,1506
NC,North Carolina,2017,19.8,1953
NC,North Carolina,2018,17.9,1783
NC,North Carolina,2019,18.1,1817
NC,North Carolina,2020,26.2,2634
NC,North Carolina,2021,33.3,3339
NC,North Carolina,2022,35.7,3639
NC,North Carolina,2023,28.4,2915
NC,North Carolina,2024,20.2,2140
ND,North Dakota,1999,,
ND,North Dakota,2000,,
ND,North Dakota,2001,,
ND,North Dakota,2002,,14
ND,North Dakota,2003,,
ND,North Dakota,2004,,13
ND,North Dakota,2005,,
ND,North Dakota,2006,,
ND,North Dakota,2007,,17
ND,North Dakota,2008,5.1,32
ND,North Dakota,2009,,17
ND,North Dakota,2010,,18
ND,North Dakota,2011,,10
ND,North Dakota,2012,,
ND,North Dakota,2013,,11
ND,North Dakota,2014,4.5,31
ND,North Dakota,2015,4.8,34
ND,North Dakota,2016,7.6,54
ND,North Dakota,2017,4.8,35
ND,North Dakota,2018,5.2,36
ND,North Dakota,2019,5.9,43
ND,North Dakota,2020,9.6,71
ND,North Dakota,2021,10.2,74
ND,North Dakota,2022,13.4,97
ND,North Dakota,2023,11.7,87
ND,North Dakota,2024,9.4,68
OH,Ohio,1999,1.5,164
OH,Ohio,2000,2.2,250
OH,Ohio,2001,3.0,336
OH,Ohio,2002,3.7,421
OH,Ohio,2003,3.2,365
OH,Ohio,2004,4.5,515
OH,Ohio,2005,4.9,560
OH,Ohio,2006,5.6,634
OH,Ohio,2007,6.2,705
OH,Ohio,2008,7.2,814
OH,Ohio,2009,5.9,664
OH,Ohio,2010,10.0,1124
OH,Ohio,2011,11.2,1272
OH,Ohio,2012,12.3,1355
OH,Ohio,2013,14.6,1630
OH,Ohio,2014,19.1,2106
OH,Ohio,2015,24.7,2698
OH,Ohio,2016,32.9,3613
OH,Ohio,2017,39.2,4293
OH,Ohio,2018,29.6,3237
OH,Ohio,2019,31.5,3452
OH,Ohio,2020,40.1,4385
OH,Ohio,2021,40.1,4456
OH,Ohio,2022,38.0,4230
OH,Ohio,2023,34.0,3805
OH,Ohio,2024,20.1,2289
OK,Oklahoma,1999,2.7,89
OK,Oklahoma,2000,3.8,127
OK,Oklahoma,2001,4.6,156
OK,Oklahoma,2002,4.3,146
OK,Oklahoma,2003,7.5,254
OK,Oklahoma,2004,8.9,306
OK,Oklahoma,2005,9.0,313
OK,Oklahoma,2006,11.1,383
OK,Oklahoma,2007,13.9,492
OK,Oklahoma,2008,11.4,410
OK,Oklahoma,2009,15.5,568
OK,Oklahoma,2010,13.9,510
OK,Oklahoma,2011,13.0,483
OK,Oklahoma,2012,14.2,531
OK,Oklahoma,2013,13.4,511
OK,Oklahoma,2014,13.0,502
OK,Oklahoma,2015,11.2,427
OK,Oklahoma,2016,11.6,444
OK,Oklahoma,2017,10.2,388
OK,Oklahoma,2018,7.8,308
OK,Oklahoma,2019,6.9,268
OK,Oklahoma,2020,8.3,320
OK,Oklahoma,2021,12.1,468
OK,Oklahoma,2022,19.8,761
OK,Oklahoma,2023,21.7,836
OK,Oklahoma,2024,15.3,599
OR,Oregon,1999,3.5,120
OR,Oregon,2000,3.1,106
OR,Oregon,2001,4.2,147
OR,Oregon,2002,5.4,193
OR,Oregon,2003,5.7,209
OR,Oregon,2004,6.2,225
OR,Oregon,2005,7.2,267
OR,Oregon,2006,9.6,359
OR,Oregon,2007,9.4,358
OR,Oregon,2008,9.0,342
OR,Oregon,2009,9.5,368
OR,Oregon,2010,8.5,332
OR,Oregon,2011,10.1,392
OR,Oregon,2012,9.2,361
OR,Oregon,2013,7.5,301
OR,Oregon,2014,8.3,340
OR,Oregon,2015,7.9,331
OR,Oregon,2016,7.6,312
OR,Oregon,2017,8.1,344
OR,Oregon,2018,8.0,339
OR,Oregon,2019,7.6,332
OR,Oregon,2020,11.9,499
OR,Oregon,2021,18.1,779
OR,Oregon,2022,22.4,968
OR,Oregon,2023,32.1,1384
OR,Oregon,2024,24.8,1083
PA,Pennsylvania,1999,2.7,320
PA,Pennsylvania,2000,2.7,319
PA,Pennsylvania,2001,2.1,252
PA,Pennsylvania,2002,2.9,345
PA,Pennsylvania,2003,3.9,470
PA,Pennsylvania,2004,3.9,475
PA,Pennsylvania,2005,4.2,504
PA,Pennsylvania,2006,3.5,418
PA,Pennsylvania,2007,4.0,492
PA,Pennsylvania,2008,4.9,611
PA,Pennsylvania,2009,5.2,637
PA,Pennsylvania,2010,5.1,629
PA,Pennsylvania,2011,6.2,752
PA,Pennsylvania,2012,6.8,827
PA,Pennsylvania,2013,7.8,958
PA,Pennsylvania,2014,9.0,1092
PA,Pennsylvania,2015,11.2,1362
PA,Pennsylvania,2016,18.5,2235
PA,Pennsylvania,2017,21.2,2548
PA,Pennsylvania,2018,23.8,2866
PA,Pennsylvania,2019,25.1,3034
PA,Pennsylvania,2020,32.4,3907
PA,Pennsylvania,2021,32.8,4081
PA,Pennsylvania,2022,31.8,3960
PA,Pennsylvania,2023,28.4,3576
PA,Pennsylvania,2024,18.0,2280
RI,Rhode Island,1999,3.4,35
RI,Rhode Island,2000,5.4,57
RI,Rhode Island,2001,7.4,78
RI,Rhode Island,2002,6.8,72
RI,Rhode Island,2003,9.3,99
RI,Rhode Island,2004,7.0,75
RI,Rhode Island,2005,10.3,112
RI,Rhode Island,2006,12.2,130
RI,Rhode Island,2007,8.0,87
RI,Rhode Island,2008,12.5,133
RI,Rhode Island,2009,10.6,115
RI,Rhode Island,2010,10.5,111
RI,Rhode Island,2011,13.3,142
RI,Rhode Island,2012,13.2,140
RI,Rhode Island,2013,18.1,190
RI,Rhode Island,2014,19.8,205
RI,Rhode Island,2015,23.5,254
RI,Rhode Island,2016,26.7,279
RI,Rhode Island,2017,26.9,277
RI,Rhode Island,2018,25.9,267
RI,Rhode Island,2019,23.3,240
RI,Rhode Island,2020,32.0,331
RI,Rhode Island,2021,35.9,385
RI,Rhode Island,2022,30.7,333
RI,Rhode Island,2023,32.2,347
RI,Rhode Island,2024,20.1,224
SC,South Carolina,1999,1.2,48
SC,South Carolina,2000,2.2,87
SC,South Carolina,2001,2.0,83
SC,South Carolina,2002,2.0,81
SC,South Carolina,2003,2.2,92
SC,South Carolina,2004,3.1,128
SC,South Carolina,2005,3.5,149
SC,South Carolina,2006,4.9,214
SC,South Carolina,2007,4.5,199
SC,South Carolina,2008,4.8,218
SC,South Carolina,2009,5.2,238
SC,South Carolina,2010,5.9,271
SC,South Carolina,2011,5.3,243
SC,South Carolina,2012,5.1,237
SC,South Carolina,2013,5.4,247
SC,South Carolina,2014,10.7,515
SC,South Carolina,2015,11.4,554
SC,South Carolina,2016,13.1,628
SC,South Carolina,2017,15.5,749
SC,South Carolina,2018,17.1,835
SC,South Carolina,2019,17.6,862
SC,South Carolina,2020,28.6,1409
SC,South Carolina,2021,35.0,1712
SC,South Carolina,2022,36.6,1831
SC,South Carolina,2023,33.4,1717
SC,South Carolina,2024,20.2,1049
SD,South Dakota,1999,,
SD,South Dakota,2000,,
SD,South Dakota,2001,,
SD,South Dakota,2002,,12
SD,South Dakota,2003,,
SD,South Dakota,2004,2.7,20
SD,South Dakota,2005,3.1,22
SD,South Dakota,2006,3.3,23
SD,South Dakota,2007,2.5,20
SD,South Dakota,2008,4.2,31
SD,South Dakota,2009,4.6,35
SD,South Dakota,2010,4.5,32
SD,South Dakota,2011,4.5,34
SD,South Dakota,2012,3.1,24
SD,South Dakota,2013,4.4,34
SD,South Dakota,2014,4.1,33
SD,South Dakota,2015,3.5,27
SD,South Dakota,2016,5.0,42
SD,South Dakota,2017,4.0,35
SD,South Dakota,2018,3.5,28
SD,South Dakota,2019,4.5,39
SD,South Dakota,2020,5.9,46
SD,South Dakota,2021,5.7,46
SD,South Dakota,2022,5.5,46
SD,South Dakota,2023,5.7,48
SD,South Dakota,2024,5.4,44
TN,Tennessee,1999,1.6,89
TN,Tennessee,2000,1.8,100
TN,Tennessee,2001,2.4,136
TN,Tennessee,2002,2.9,167
TN,Tennessee,2003,5.0,294
TN,Tennessee,2004,6.4,379
TN,Tennessee,2005,7.5,447
TN,Tennessee,2006,7.7,470
TN,Tennessee,2007,7.8,479
TN,Tennessee,2008,7.7,480
TN,Tennessee,2009,8.5,535
TN,Tennessee,2010,10.0,633
TN,Tennessee,2011,10.1,633
TN,Tennessee,2012,11.4,723
TN,Tennessee,2013,11.9,767
TN,Tennessee,2014,13.4,863
TN,Tennessee,2015,16.0,1038
TN,Tennessee,2016,18.1,1186
TN,Tennessee,2017,19.3,1269
TN,Tennessee,2018,19.9,1307
TN,Tennessee,2019,23.4,1543
TN,Tennessee,2020,36.7,2412
TN,Tennessee,2021,45.5,3038
TN,Tennessee,2022,45.3,3062
TN,Tennessee,2023,42.9,2930
TN,Tennessee,2024,26.1,1818
TX,Texas,1999,1.7,351
TX,Texas,2000,1.8,379
TX,Texas,2001,2.6,561
TX,Texas,2002,3.4,739
TX,Texas,2003,3.6,791
TX,Texas,2004,3.7,814
TX,Texas,2005,3.9,872
TX,Texas,2006,4.6,1067
TX,Texas,2007,4.3,1021
TX,Texas,2008,3.9,944
TX,Texas,2009,4.6,1151
TX,Texas,2010,4.4,1123
TX,Texas,2011,4.6,1178
TX,Texas,2012,4.4,1131
TX,Texas,2013,4.0,1053
TX,Texas,2014,4.3,1151
TX,Texas,2015,4.7,1287
TX,Texas,2016,4.9,1375
TX,Texas,2017,5.1,1458
TX,Texas,2018,4.8,1402
TX,Texas,2019,5.1,1497
TX,Texas,2020,7.2,2124
TX,Texas,2021,9.4,2770
TX,Texas,2022,10.6,3172
TX,Texas,2023,10.5,3181
TX,Texas,2024,7.8,2438
UT,Utah,1999,7.3,141
UT,Utah,2000,7.6,156
UT,Utah,2001,7.8,157
UT,Utah,2002,9.7,203
UT,Utah,2003,11.8,258
UT,Utah,2004,11.8,264
UT,Utah,2005,14.2,326
UT,Utah,2006,13.9,331
UT,Utah,2007,14.7,359
UT,Utah,2008,14.0,350
UT,Utah,2009,14.7,370
UT,Utah,2010,12.8,336
UT,Utah,2011,14.6,381
UT,Utah,2012,16.1,422
UT,Utah,2013,15.9,432
UT,Utah,2014,16.8,455
UT,Utah,2015,15.9,448
UT,Utah,2016,16.4,466
UT,Utah,2017,15.5,456
UT,Utah,2018,14.8,437
UT,Utah,2019,13.3,397
UT,Utah,2020,14.7,447
UT,Utah,2021,14.1,446
UT,Utah,2022,13.5,427
UT,Utah,2023,15.4,499
UT,Utah,2024,13.6,452
VT,Vermont,1999,,15
VT,Vermont,2000,3.6,22
VT,Vermont,2001,5.0,31
VT,Vermont,2002,5.8,36
VT,Vermont,2003,7.2,45
VT,Vermont,2004,6.1,37
VT,Vermont,2005,6.1,37
VT,Vermont,2006,9.4,57
VT,Vermont,2007,8.8,52
VT,Vermont,2008,8.6,57
VT,Vermont,2009,6.0,39
VT,Vermont,2010,6.8,43
VT,Vermont,2011,9.1,55
VT,Vermont,2012,8.6,55
VT,Vermont,2013,11.6,70
VT,Vermont,2014,11.0,64
VT,Vermont,2015,13.4,79
VT,Vermont,2016,18.4,101
VT,Vermont,2017,20.0,114
VT,Vermont,2018,22.8,127
VT,Vermont,2019,20.7,114
VT,Vermont,2020,27.4,157
VT,Vermont,2021,37.4,218
VT,Vermont,2022,40.9,239
VT,Vermont,2023,38.2,232
VT,Vermont,2024,29.0,177
VA,Virginia,1999,2.7,201
VA,Virginia,2000,3.4,250
VA,Virginia,2001,4.2,312
VA,Virginia,2002,4.7,352
VA,Virginia,2003,4.8,362
VA,Virginia,2004,5.1,390
VA,Virginia,2005,4.7,363
VA,Virginia,2006,5.3,408
VA,Virginia,2007,6.4,502
VA,Virginia,2008,6.2,490
VA,Virginia,2009,5.9,477
VA,Virginia,2010,4.8,389
VA,Virginia,2011,7.1,575
VA,Virginia,2012,6.5,533
VA,Virginia,2013,7.6,640
VA,Virginia,2014,9.1,758
VA,Virginia,2015,9.9,820
VA,Virginia,2016,13.5,1130
VA,Virginia,2017,14.8,1241
VA,Virginia,2018,14.3,1193
VA,Virginia,2019,15.1,1266
VA,Virginia,2020,22.7,1897
VA,Virginia,2021,26.0,2230
VA,Virginia,2022,24.6,2108
VA,Virginia,2023,24.1,2078
VA,Virginia,2024,13.5,1170
WA,Washington,1999,5.9,353
WA,Washington,2000,5.8,353
WA,Washington,2001,5.3,324
WA,Washington,2002,7.4,455
WA,Washington,2003,7.5,471
WA,Washington,2004,9.0,575
WA,Washington,2005,9.2,603
WA,Washington,2006,10.0,661
WA,Washington,2007,9.7,651
WA,Washington,2008,10.1,690
WA,Washington,2009,10.2,708
WA,Washington,2010,8.9,628
WA,Washington,2011,9.9,697
WA,Washington,2012,9.7,695
WA,Washington,2013,8.9,640
WA,Washington,2014,9.2,673
WA,Washington,2015,9.3,692
WA,Washington,2016,9.4,709
WA,Washington,2017,9.6,742
WA,Washington,2018,9.4,737
WA,Washington,2019,10.5,827
WA,Washington,2020,15.4,1195
WA,Washington,2021,20.5,1623
WA,Washington,2022,25.9,2063
WA,Washington,2023,35.0,2835
WA,Washington,2024,30.2,2491
WV,West Virginia,1999,1.8,33
WV,West Virginia,2000,2.8,50
WV,West Virginia,2001,7.9,138
WV,West Virginia,2002,10.1,178
WV,West Virginia,2003,11.2,193
WV,West Virginia,2004,14.2,251
WV,West Virginia,2005,8.2,140
WV,West Virginia,2006,16.1,285
WV,West Virginia,2007,19.0,332
WV,West Virginia,2008,21.0,371
WV,West Virginia,2009,10.3,184
WV,West Virginia,2010,25.6,451
WV,West Virginia,2011,31.5,550
WV,West Virginia,2012,27.1,468
WV,West Virginia,2013,27.9,490
WV,West Virginia,2014,31.6,554
WV,West Virginia,2015,36.0,629
WV,West Virginia,2016,43.4,733
WV,West Virginia,2017,49.6,833
WV,West Virginia,2018,42.4,702
WV,West Virginia,2019,41.4,673
WV,West Virginia,2020,70.0,1129
WV,West Virginia,2021,77.2,1253
WV,West Virginia,2022,70.5,1146
WV,West Virginia,2023,71.6,1184
WV,West Virginia,2024,38.6,633
WI,Wisconsin,1999,1.6,83
WI,Wisconsin,2000,2.1,112
WI,Wisconsin,2001,2.6,140
WI,Wisconsin,2002,3.2,173
WI,Wisconsin,2003,3.7,200
WI,Wisconsin,2004,4.0,221
WI,Wisconsin,2005,4.9,273
WI,Wisconsin,2006,6.0,334
WI,Wisconsin,2007,6.7,371
WI,Wisconsin,2008,6.6,369
WI,Wisconsin,2009,6.9,397
WI,Wisconsin,2010,7.3,415
WI,Wisconsin,2011,8.3,473
WI,Wisconsin,2012,8.6,483
WI,Wisconsin,2013,10.6,599
WI,Wisconsin,2014,11.1,627
WI,Wisconsin,2015,11.2,622
WI,Wisconsin,2016,15.8,866
WI,Wisconsin,2017,16.9,926
WI,Wisconsin,2018,15.3,846
WI,Wisconsin,2019,16.6,928
WI,Wisconsin,2020,23.0,1251
WI,Wisconsin,2021,25.9,1437
WI,Wisconsin,2022,25.9,1433
WI,Wisconsin,2023,25.1,1421
WI,Wisconsin,2024,14.0,811
WY,Wyoming,1999,,
WY,Wyoming,2000,,10
WY,Wyoming,2001,,
WY,Wyoming,2002,,17
WY,Wyoming,2003,,
WY,Wyoming,2004,,12
WY,Wyoming,2005,,10
WY,Wyoming,2006,,14
WY,Wyoming,2007,4.6,25
WY,Wyoming,2008,7.6,40
WY,Wyoming,2009,5.7,32
WY,Wyoming,2010,8.5,47
WY,Wyoming,2011,7.5,43
WY,Wyoming,2012,7.7,45
WY,Wyoming,2013,8.6,48
WY,Wyoming,2014,9.3,54
WY,Wyoming,2015,7.9,46
WY,Wyoming,2016,8.7,50
WY,Wyoming,2017,8.7,47
WY,Wyoming,2018,6.8,40
WY,Wyoming,2019,8.3,47
WY,Wyoming,2020,10.6,60
WY,Wyoming,2021,12.4,71
WY,Wyoming,2022,14.4,83
WY,Wyoming,2023,15.0,86
WY,Wyoming,2024,10.4,62
